City_ID,City,Lat,Lng,Max Temp,Humidity,Cloudiness,Wind Speed,Country,Date
0,grytviken,-54.2811,-36.5092,-2.73,84.0,23.0,3.37,GS,1718656088.0
1,mount gambier,-37.8333,140.7667,2.97,94.0,0.0,1.93,AU,1718656088.0
2,iqaluit,63.7506,-68.5145,5.85,60.0,75.0,3.6,CA,1718656088.0
3,waitangi,-43.9535,-176.5597,11.57,97.0,100.0,4.02,NZ,1718656088.0
4,porto novo,6.4965,2.6036,27.9,85.0,38.0,2.32,BJ,1718656088.0
5,flying fish cove,-10.4217,105.6791,24.82,88.0,75.0,3.6,CX,1718656089.0
6,mili,6.0815,171.735,28.07,76.0,95.0,3.8,MH,1718656089.0
7,tarakan,3.3,117.6333,26.49,81.0,100.0,2.62,ID,1718656089.0
8,bredasdorp,-34.5322,20.0403,13.69,76.0,6.0,2.52,ZA,1718656089.0
9,port-aux-francais,-49.35,70.2167,3.12,62.0,24.0,12.94,TF,1718656089.0
10,adamstown,-25.066,-130.1015,22.2,79.0,100.0,5.27,PN,1718656089.0
11,punta arenas,-53.15,-70.9167,-0.94,64.0,20.0,6.69,CL,1718656054.0
12,saudarkrokur,65.7461,-19.6394,9.78,68.0,88.0,2.34,IS,1718656089.0
13,artigues-pres-bordeaux,44.85,-0.5167,24.85,61.0,0.0,4.63,FR,1718656090.0
14,edinburgh of the seven seas,-37.0676,-12.3116,12.9,66.0,100.0,5.77,SH,1718656090.0
15,strathalbyn,-35.2667,138.9,12.27,84.0,87.0,1.96,AU,1718656090.0
16,ushuaia,-54.8,-68.3,-1.19,69.0,75.0,4.63,AR,1718655909.0
17,isafjordur,66.0755,-23.124,6.19,86.0,98.0,2.92,IS,1718656090.0
18,ghanzi,-21.5667,21.7833,13.05,37.0,0.0,2.29,BW,1718656090.0
19,puerto natales,-51.7236,-72.4875,-1.75,74.0,75.0,2.57,CL,1718656090.0
20,enewetak,11.3474,162.3373,28.01,80.0,94.0,7.75,MH,1718656090.0
21,mirnyy,62.5353,113.9611,7.46,94.0,61.0,2.32,RU,1718656091.0
22,stanley,54.868,-1.6985,13.17,87.0,55.0,2.35,GB,1718655893.0
23,alvorada,-12.48,-49.1247,31.97,24.0,0.0,1.98,BR,1718656091.0
24,kapuskasing,49.4169,-82.4331,29.05,57.0,100.0,5.66,CA,1718656091.0
25,thompson,55.7435,-97.8558,15.09,36.0,20.0,10.8,CA,1718656091.0
26,margaret river,-33.95,115.0667,14.83,73.0,50.0,5.98,AU,1718656091.0
28,limassol,34.675,33.0333,25.04,83.0,20.0,2.57,CY,1718655962.0
29,hithadhoo,-0.6,73.0833,28.03,77.0,61.0,3.09,MV,1718656092.0
30,bilibino,68.0546,166.4372,19.07,39.0,79.0,2.75,RU,1718656092.0
31,east london,-33.0153,27.9116,22.27,48.0,78.0,8.67,ZA,1718656092.0
32,longyearbyen,78.2186,15.6401,7.91,66.0,40.0,6.69,SJ,1718655999.0
33,broome,42.2506,-75.833,33.17,56.0,0.0,3.09,US,1718656092.0
34,panorama,40.5878,23.0315,26.49,51.0,20.0,1.03,GR,1718656092.0
36,praia da vitoria,38.7333,-27.0667,21.14,68.0,40.0,5.94,PT,1718656093.0
37,mont-laurier,46.5501,-75.4993,28.79,67.0,97.0,2.05,CA,1718656093.0
38,invercargill,-46.4,168.35,5.57,96.0,56.0,1.79,NZ,1718655976.0
39,katagum,12.2867,10.3527,33.47,40.0,35.0,1.32,NG,1718656093.0
40,susuman,62.7833,148.1667,11.17,66.0,100.0,2.91,RU,1718656093.0
41,hermanus,-34.4187,19.2345,13.78,78.0,4.0,4.09,ZA,1718656093.0
42,kapa'a,22.0752,-159.319,28.99,79.0,75.0,8.23,US,1718655802.0
43,petropavlovsk-kamchatsky,53.0452,158.6483,7.33,87.0,75.0,2.0,RU,1718656094.0
45,pavlovka,52.6897,47.1405,19.29,80.0,3.0,3.25,RU,1718656094.0
46,olonkinbyen,70.9221,-8.7187,0.18,77.0,39.0,1.78,SJ,1718656094.0
47,puerto ayora,-0.7393,-90.3518,25.98,92.0,46.0,1.79,EC,1718656094.0
48,nova sintra,14.8667,-24.7167,23.57,79.0,59.0,8.03,CV,1718656094.0
49,soto la marina,23.7667,-98.2167,38.91,33.0,16.0,5.99,MX,1718656094.0
51,jamestown,42.097,-79.2353,30.85,58.0,75.0,5.14,US,1718655846.0
52,mejit,10.2753,170.8646,27.67,80.0,100.0,7.02,MH,1718656095.0
53,xanxere,-26.8769,-52.4042,16.06,97.0,98.0,1.12,BR,1718655834.0
54,yuzhno-kurilsk,44.0306,145.8556,9.7,98.0,100.0,3.3,RU,1718656095.0
55,chonchi,-42.6128,-73.8092,9.56,83.0,100.0,5.09,CL,1718656095.0
56,uturoa,-16.7333,-151.4333,26.08,76.0,19.0,5.19,PF,1718656095.0
57,dauphin,51.1494,-100.0502,19.08,39.0,40.0,3.09,CA,1718656095.0
58,yellowknife,62.456,-114.3525,13.56,48.0,75.0,3.6,CA,1718656096.0
59,west island,-12.1568,96.8225,24.99,94.0,100.0,6.69,CC,1718656096.0
60,ilulissat,69.2167,-51.1,15.01,44.0,75.0,7.72,GL,1718656096.0
61,aktau,43.65,51.2,26.32,64.0,7.0,3.2,KZ,1718656096.0
62,utrik,11.2278,169.8474,27.79,81.0,94.0,7.66,MH,1718656096.0
63,udachny,66.4167,112.4,7.65,58.0,42.0,1.05,RU,1718655851.0
64,albany,42.6001,-73.9662,31.61,57.0,26.0,1.34,US,1718655558.0
65,port alfred,-33.5906,26.891,18.43,68.0,92.0,0.45,ZA,1718656096.0
66,kousseri,12.0769,15.0306,30.98,55.0,99.0,1.54,CM,1718656097.0
67,baiquan,47.5833,126.0833,12.51,90.0,96.0,2.63,CN,1718656097.0
68,la passe,45.5549,-0.8967,23.13,86.0,100.0,5.04,FR,1718656097.0
69,touros,-5.1989,-35.4608,25.6,80.0,17.0,6.07,BR,1718656097.0
70,hilo,19.7297,-155.09,26.85,77.0,100.0,2.57,US,1718656097.0
71,santa ana,33.7456,-117.8678,26.75,64.0,75.0,6.69,US,1718655528.0
72,hobyo,5.3505,48.5268,26.42,80.0,98.0,10.84,SO,1718656097.0
73,lompoc,34.6391,-120.4579,28.77,63.0,0.0,9.83,US,1718656076.0
74,wailua homesteads,22.0669,-159.378,28.24,78.0,75.0,8.23,US,1718656098.0
75,isiro,2.7739,27.616,18.93,98.0,94.0,0.93,CD,1718656098.0
76,nahiyat ash shinafiyah,31.5874,44.6602,40.92,9.0,1.0,4.05,IQ,1718656098.0
77,bethel,41.3712,-73.414,30.47,58.0,40.0,4.12,US,1718656098.0
78,lebu,-37.6167,-73.65,11.61,83.0,100.0,5.55,CL,1718656098.0
79,lisala,2.15,21.5167,22.02,89.0,99.0,1.28,CD,1718656098.0
80,sitka,57.0531,-135.33,12.94,71.0,100.0,5.14,US,1718656098.0
81,qaqortoq,60.7167,-46.0333,2.55,97.0,100.0,2.6,GL,1718656099.0
82,haiku-pauwela,20.9219,-156.3051,26.23,87.0,75.0,8.23,US,1718656099.0
83,port lincoln,-34.7333,135.8667,12.34,85.0,100.0,1.6,AU,1718656099.0
84,kailua-kona,19.6406,-155.9956,27.98,77.0,75.0,4.12,US,1718656099.0
85,griffith,41.5284,-87.4237,36.7,59.0,0.0,5.66,US,1718655963.0
86,whitehorse,60.7161,-135.0538,23.94,25.0,75.0,2.57,CA,1718656064.0
87,constantia,44.1833,28.65,21.5,71.0,0.0,5.12,RO,1718656099.0
88,gokwe,-18.2048,28.9349,13.87,48.0,0.0,1.68,ZW,1718655947.0
89,kem',64.9555,34.5793,12.25,67.0,100.0,3.12,RU,1718656100.0
90,port elizabeth,-33.918,25.5701,19.06,68.0,0.0,6.17,ZA,1718656100.0
91,pitimbu,-7.4706,-34.8086,26.33,75.0,52.0,5.12,BR,1718656100.0
92,la ronge,55.1001,-105.2842,13.14,33.0,75.0,8.75,CA,1718656100.0
93,blackmans bay,-43.0167,147.3167,5.96,94.0,100.0,1.72,AU,1718656100.0
94,pisco,-13.7,-76.2167,20.03,73.0,0.0,4.12,PE,1718655842.0
95,georgetown,5.4112,100.3354,26.96,83.0,20.0,2.06,MY,1718656100.0
96,puerto baquerizo moreno,-0.9,-89.6,26.55,61.0,40.0,7.2,EC,1718656100.0
97,hawaiian paradise park,19.5933,-154.9731,26.73,90.0,100.0,2.57,US,1718656101.0
98,selfoss,63.9331,-20.9971,9.47,81.0,97.0,3.5,IS,1718656101.0
99,haimen,23.1935,116.6142,25.94,91.0,100.0,2.98,CN,1718656101.0
100,auki,-8.7676,160.7034,25.09,91.0,52.0,1.23,SB,1718656101.0
101,arkalyk,50.2486,66.9114,22.68,70.0,6.0,3.09,KZ,1718655870.0
102,kodinsk,58.6881,99.1844,8.58,88.0,51.0,1.21,RU,1718656101.0
103,berezovyy,51.6667,135.7,5.92,98.0,100.0,0.3,RU,1718656101.0
104,badger,64.8,-147.5333,25.76,35.0,20.0,3.6,US,1718656102.0
105,klyuchi,52.2667,79.1667,20.62,83.0,50.0,2.56,RU,1718656102.0
106,tiksi,71.6872,128.8694,6.31,80.0,23.0,3.5,RU,1718656102.0
107,caxias,38.7031,-9.2767,19.9,84.0,100.0,5.14,PT,1718656102.0
108,farafangana,-22.8167,47.8333,21.0,76.0,100.0,3.18,MG,1718656102.0
109,sur,22.5667,59.5289,33.41,51.0,2.0,5.78,OM,1718656102.0
110,kingston,17.997,-76.7936,31.53,62.0,20.0,9.26,JM,1718655882.0
111,champerico,14.3,-91.9167,30.3,90.0,100.0,6.57,GT,1718656102.0
112,luganville,-15.5333,167.1667,24.52,88.0,96.0,1.46,VU,1718656103.0
113,domanivka,47.6319,30.9885,20.16,77.0,2.0,3.13,UA,1718656103.0
114,kokkola,63.8385,23.1307,17.09,88.0,0.0,1.54,FI,1718656103.0
115,fale old settlement,-9.3852,-171.2468,29.15,74.0,16.0,8.14,TK,1718656103.0
116,vorgashor,67.5833,63.95,0.82,83.0,19.0,5.26,RU,1718656103.0
117,macia,-25.0269,33.0989,16.37,90.0,19.0,2.23,MZ,1718656103.0
118,sao joao da barra,-21.6403,-41.0511,26.05,80.0,9.0,6.32,BR,1718656103.0
119,yarmouth,41.7057,-70.2286,23.41,74.0,0.0,6.17,US,1718655911.0
120,st. john's,47.5649,-52.7093,17.66,65.0,20.0,4.63,CA,1718655845.0
121,great bend,38.3645,-98.7648,34.46,50.0,0.0,13.38,US,1718656104.0
122,bethlehem,-1.4558,-48.5044,30.02,70.0,40.0,3.6,BR,1718655879.0
123,choibalsan,48.0667,114.5,18.44,42.0,4.0,2.55,MN,1718656104.0
124,labuan bajo,-8.4964,119.8877,23.69,83.0,3.0,2.12,ID,1718656104.0
125,hirara,24.8,125.2833,28.15,94.0,40.0,5.66,JP,1718656104.0
126,urangan,-25.3,152.9,9.0,71.0,0.0,3.58,AU,1718656104.0
127,fisterra,42.9049,-9.2629,17.23,96.0,65.0,5.81,ES,1718656105.0
128,mahdia,35.5047,11.0622,28.97,61.0,0.0,4.57,TN,1718656105.0
129,puerto aysen,-45.4,-72.7,5.89,99.0,100.0,0.7,CL,1718655870.0
130,ploudalmezeau,48.5333,-4.65,16.29,94.0,100.0,2.06,FR,1718656105.0
131,kurmuk,10.55,34.2833,23.61,75.0,100.0,1.29,SD,1718656105.0
132,comber,54.5494,-5.7438,12.49,80.0,100.0,4.63,GB,1718656105.0
133,tura,25.5198,90.2201,24.22,98.0,99.0,3.1,IN,1718656105.0
134,howrah,22.5892,88.3103,31.0,84.0,75.0,7.72,IN,1718656105.0
135,papatowai,-46.5619,169.4708,7.65,84.0,100.0,6.09,NZ,1718656106.0
136,chibuto,-24.6867,33.5306,18.34,78.0,94.0,2.04,MZ,1718656106.0
137,fairbanks,64.8378,-147.7164,25.25,36.0,20.0,3.6,US,1718655966.0
139,valentin gomez farias,28.2167,-106.5833,36.84,10.0,6.0,8.86,MX,1718656106.0
140,anadyr,64.75,177.4833,11.28,62.0,0.0,2.0,RU,1718656106.0
142,pagar alam,-4.0167,103.2667,19.73,99.0,52.0,1.37,ID,1718656106.0
143,prince george,53.9166,-122.753,15.34,51.0,75.0,3.09,CA,1718656107.0
144,el tocuyo,9.7873,-69.7937,32.01,46.0,53.0,3.38,VE,1718656107.0
145,shingu,33.7333,135.9833,20.18,98.0,100.0,1.13,JP,1718656107.0
147,weno,7.4515,151.8468,26.97,94.0,100.0,3.6,FM,1718656107.0
148,zemio,5.0314,25.1361,20.69,91.0,5.0,1.68,CF,1718656107.0
149,tamanrasset,22.785,5.5228,33.95,8.0,0.0,3.6,DZ,1718656107.0
150,doba,8.65,16.85,26.41,71.0,89.0,0.71,TD,1718656107.0
151,conceicao do araguaia,-8.2578,-49.2647,33.16,35.0,0.0,1.11,BR,1718656108.0
152,dryden,49.7833,-92.7503,22.16,35.0,0.0,5.14,CA,1718656108.0
153,walvis bay,-22.9575,14.5053,15.05,82.0,2.0,0.51,NA,1718656108.0
154,fort bragg,35.139,-79.006,33.28,51.0,100.0,3.6,US,1718656108.0
155,kasane,-17.8167,25.15,14.97,51.0,8.0,2.67,BW,1718656108.0
156,ribeira grande,38.5167,-28.7,21.22,64.0,40.0,4.47,PT,1718656108.0
157,caidian,30.5833,114.0333,27.07,79.0,2.0,2.48,CN,1718656108.0
158,mitu,1.1983,-70.1733,27.78,77.0,60.0,0.95,CO,1718656109.0
159,diamantino,-14.4086,-56.4461,32.33,25.0,0.0,1.54,BR,1718656109.0
160,keflavik,64.0049,-22.5624,9.24,76.0,100.0,3.6,IS,1718656109.0
161,matthew town,20.95,-73.6667,29.13,73.0,98.0,2.73,BS,1718656109.0
162,azcapotzalco,19.4889,-99.1836,28.2,13.0,40.0,4.63,MX,1718656109.0
163,kourou,5.1552,-52.6478,30.03,79.0,3.0,2.3,GF,1718656109.0
164,atafu village,-8.5421,-172.5159,28.98,76.0,7.0,7.65,TK,1718656109.0
165,juruti,-2.1522,-56.0922,31.04,59.0,99.0,1.8,BR,1718656109.0
166,yurga,55.7231,84.8861,16.36,96.0,100.0,1.39,RU,1718656110.0
168,tazovsky,67.4667,78.7,4.44,73.0,100.0,3.13,RU,1718656110.0
170,afaahiti,-17.75,-149.2833,26.93,81.0,25.0,4.53,PF,1718656110.0
171,castillos,-34.1667,-53.8333,13.07,84.0,7.0,2.9,UY,1718656110.0
172,lerwick,60.1545,-1.1494,12.0,88.0,100.0,4.58,GB,1718656110.0
173,hami,42.8,93.45,25.06,28.0,99.0,5.95,CN,1718656111.0
174,floro,61.5996,5.0328,13.04,88.0,100.0,3.09,NO,1718656111.0
175,box elder,41.5005,-112.8764,14.06,49.0,88.0,11.59,US,1718656030.0
176,kodiak,57.79,-152.4072,11.73,76.0,0.0,4.12,US,1718656111.0
177,port augusta,-32.5,137.7667,11.93,76.0,100.0,1.88,AU,1718656111.0
178,tynda,55.1667,124.7167,9.28,92.0,100.0,1.05,RU,1718656111.0
179,riviere-du-loup,47.8304,-69.5342,20.15,56.0,81.0,2.06,CA,1718656111.0
180,hammerfest,70.6634,23.6821,18.25,63.0,0.0,1.54,NO,1718656111.0
181,i-n-salah,27.1935,2.4607,38.96,7.0,45.0,2.22,DZ,1718656112.0
182,hadibu,12.65,54.0333,27.51,80.0,100.0,5.7,YE,1718656112.0
183,mermoz boabab,14.7065,-17.4758,26.31,81.0,47.0,4.01,SN,1718656112.0
184,tomatlan,19.9333,-105.25,33.13,48.0,2.0,6.91,MX,1718656112.0
185,dwarka,22.2394,68.9678,29.77,76.0,7.0,5.64,IN,1718656112.0
186,balboa,2.0396,-77.2168,25.98,49.0,98.0,1.51,CO,1718656112.0
187,ambodifotatra,-16.9833,49.85,25.14,71.0,64.0,5.59,MG,1718656112.0
188,monrovia,6.3005,-10.7969,24.45,92.0,100.0,2.88,LR,1718656113.0
189,codrington,-38.2667,141.9667,4.26,90.0,20.0,2.74,AU,1718656113.0
190,mbandaka,0.0487,18.2603,24.23,72.0,75.0,1.02,CD,1718656113.0
191,kincardine,56.0667,-3.7167,16.15,86.0,73.0,1.68,GB,1718656113.0
192,bodo,67.28,14.405,19.97,61.0,40.0,4.63,NO,1718656113.0
193,uusikaupunki,60.8004,21.4084,12.88,96.0,93.0,1.47,FI,1718656113.0
194,port mathurin,-19.6833,63.4167,23.79,84.0,100.0,2.82,MU,1718656113.0
195,warrnambool,-38.3833,142.4833,4.77,91.0,58.0,2.99,AU,1718656113.0
196,arraial do cabo,-22.9661,-42.0278,25.98,69.0,0.0,4.12,BR,1718656013.0
197,ashburton,-37.8626,145.0794,5.51,86.0,0.0,0.45,AU,1718656114.0
198,akureyri,65.6835,-18.0878,12.96,44.0,0.0,4.63,IS,1718656114.0
199,avarua,-21.2078,-159.775,26.03,65.0,75.0,2.06,CK,1718656114.0
200,whakatane,-37.9585,176.9854,13.62,94.0,100.0,4.47,NZ,1718656114.0
201,fort dodge,42.4975,-94.168,28.99,69.0,20.0,4.12,US,1718656114.0
202,college,64.8569,-147.8028,25.81,35.0,20.0,3.6,US,1718656114.0
203,kilis,36.7161,37.115,25.13,62.0,6.0,2.69,TR,1718656115.0
204,kayangel,8.0823,134.7173,27.26,82.0,95.0,4.59,PW,1718656115.0
205,fort mcmurray,56.7268,-111.381,8.77,76.0,75.0,9.77,CA,1718655876.0
206,pekanbaru,0.5333,101.45,26.18,100.0,75.0,2.06,ID,1718656115.0
207,rudnichnyy,59.617,52.4703,13.84,77.0,58.0,2.16,RU,1718656115.0
208,taseyevo,57.2169,94.8978,13.32,77.0,100.0,2.57,RU,1718656115.0
209,kirensk,57.7853,108.1119,7.92,79.0,8.0,1.45,RU,1718656115.0
210,al jumum,21.6169,39.6981,34.9,33.0,6.0,1.77,SA,1718656115.0
211,peterhead,57.5058,-1.7981,12.22,89.0,8.0,5.84,GB,1718656116.0
212,sakakah,29.9697,40.2064,37.76,12.0,87.0,3.79,SA,1718656116.0
213,cabedelo,-6.9811,-34.8339,26.37,78.0,6.0,5.51,BR,1718655970.0
214,dunedin,-45.8742,170.5036,6.56,98.0,100.0,4.92,NZ,1718656116.0
215,dongkan,33.9997,119.8308,18.86,73.0,6.0,2.94,CN,1718656116.0
216,salalah,17.0151,54.0924,29.05,84.0,40.0,2.06,OM,1718656116.0
217,iskateley,67.6803,53.1512,4.45,61.0,8.0,2.46,RU,1718656117.0
218,shakiso,5.75,38.9167,14.37,86.0,79.0,0.2,ET,1718656117.0
219,vila franca do campo,37.7167,-25.4333,20.23,99.0,74.0,5.29,PT,1718656117.0
220,nagqu,31.5,92.0,5.33,87.0,12.0,1.74,CN,1718656117.0
221,ust-nera,64.5667,143.2,17.37,57.0,18.0,1.14,RU,1718656117.0
222,kachug,53.9606,105.8817,14.79,96.0,97.0,1.01,RU,1718656117.0
223,neiafu,-18.65,-173.9833,27.38,89.0,20.0,5.14,TO,1718656117.0
224,tromso,69.6496,18.957,16.01,63.0,0.0,6.69,NO,1718655920.0
225,salinopolis,-0.6136,-47.3561,27.37,81.0,40.0,4.32,BR,1718655946.0
226,colonia,50.9333,6.95,18.86,86.0,0.0,1.03,DE,1718655936.0
228,polyarnyy,69.1989,33.4478,14.61,81.0,97.0,2.73,RU,1718656118.0
229,carnarvon,-24.8667,113.6333,18.82,80.0,0.0,7.38,AU,1718656118.0
230,bonthe,7.5264,-12.505,25.75,85.0,100.0,4.72,SL,1718656118.0
231,cruzeiro do sul,-29.5128,-51.9853,19.18,94.0,100.0,1.45,BR,1718656118.0
232,rio preto da eva,-2.6994,-59.6997,31.81,55.0,87.0,0.93,BR,1718656118.0
233,adrar,20.5022,-10.0711,36.77,17.0,4.0,4.65,MR,1718656119.0
234,monopoli,40.9559,17.2896,24.09,67.0,0.0,1.75,IT,1718655864.0
235,lazaro cardenas,17.9583,-102.2,30.24,67.0,12.0,6.75,MX,1718656061.0
236,puerto gaitan,4.3133,-72.0816,29.21,68.0,82.0,1.25,CO,1718656046.0
237,kristiansund,63.1115,7.732,14.36,71.0,0.0,6.69,NO,1718656119.0
238,mana,5.6592,-53.7767,27.84,76.0,3.0,3.81,GF,1718656119.0
239,gulf shores,30.246,-87.7008,31.18,69.0,75.0,6.69,US,1718656119.0
240,sinop,41.7711,34.8709,16.08,94.0,4.0,1.55,TR,1718656120.0
241,mont-dore,-22.2833,166.5833,20.56,99.0,0.0,2.76,NC,1718656120.0
242,nishinoomote,30.7333,131.0,25.42,87.0,100.0,18.78,JP,1718656120.0
243,mansa,29.9833,75.3833,38.6,24.0,0.0,4.98,IN,1718656120.0
244,recani,31.2846,-4.2688,36.41,10.0,76.0,8.38,MA,1718656120.0
246,pacific grove,36.6177,-121.9166,22.05,68.0,0.0,4.63,US,1718656106.0
247,manta,-0.95,-80.7333,25.88,78.0,100.0,6.69,EC,1718655818.0
248,morehead city,34.7229,-76.726,29.03,57.0,0.0,4.63,US,1718656121.0
249,santo antonio do sudoeste,-26.0736,-53.7253,20.39,88.0,72.0,0.71,BR,1718655979.0
250,micheweni,-4.9667,39.8333,26.04,75.0,18.0,7.07,TZ,1718656121.0
251,prince rupert,54.3161,-130.3201,12.05,87.0,100.0,6.69,CA,1718656121.0
252,raduzhny,62.0961,77.475,10.26,78.0,100.0,5.97,RU,1718656121.0
253,santo domingo,18.5001,-69.9886,30.82,74.0,75.0,4.12,DO,1718655554.0
254,maputo,-25.9653,32.5892,16.82,88.0,0.0,3.6,MZ,1718656121.0
255,valle de la pascua,9.2155,-66.0073,29.73,64.0,74.0,2.6,VE,1718655946.0
256,san pedro pochutla,15.7333,-96.4667,29.84,73.0,93.0,6.28,MX,1718656122.0
257,khark,29.2614,50.3306,32.13,77.0,0.0,1.23,IR,1718656122.0
258,turiacu,-1.6633,-45.3717,24.89,92.0,93.0,2.27,BR,1718656122.0
259,san antonio de pale,-1.4014,5.6325,24.88,82.0,100.0,5.91,GQ,1718656122.0
260,mikuni,36.2171,136.1519,19.95,92.0,100.0,1.38,JP,1718656122.0
261,ternate,0.8,127.4,26.48,79.0,82.0,1.15,ID,1718656122.0
262,sittwe,20.15,92.9,27.72,85.0,100.0,2.15,MM,1718656122.0
263,kavieng,-2.5744,150.7967,27.92,81.0,98.0,5.72,PG,1718656122.0
264,saint-pierre,-21.3393,55.4781,19.82,73.0,40.0,3.6,RE,1718656123.0
265,port saint john's,-31.6229,29.5448,18.68,60.0,0.0,3.28,ZA,1718656123.0
266,tsiombe,-25.3,45.4833,18.11,72.0,0.0,4.0,MG,1718656123.0
267,yoichi,43.2039,140.7703,16.5,91.0,100.0,4.07,JP,1718656123.0
268,cabo san lucas,22.8909,-109.9124,33.67,33.0,0.0,4.63,MX,1718656123.0
269,cuamba,-14.8031,36.5372,14.93,68.0,5.0,1.86,MZ,1718656123.0
270,vilyuchinsk,52.9306,158.4028,8.15,85.0,100.0,0.95,RU,1718656124.0
271,chibougamau,49.9168,-74.3659,21.79,64.0,20.0,6.17,CA,1718656124.0
272,gibsons,49.3997,-123.5027,16.6,91.0,66.0,1.38,CA,1718656124.0
273,orhaneli,39.9033,28.9906,19.67,48.0,0.0,2.06,TR,1718656124.0
274,fortuna,40.5982,-124.1573,18.85,55.0,20.0,7.2,US,1718656124.0
275,hillsborough,37.5741,-122.3794,28.34,34.0,40.0,5.66,US,1718656106.0
276,orange walk,17.8333,-88.8333,26.86,93.0,100.0,1.6,BZ,1718655981.0
277,manicore,-5.8092,-61.3003,30.59,52.0,86.0,0.86,BR,1718656125.0
278,ekuvukeni,-28.4675,30.1551,12.44,37.0,0.0,3.21,ZA,1718656125.0
279,alofi,-19.0595,-169.9187,25.94,83.0,75.0,2.06,NU,1718656125.0
280,musoma,-1.5,33.8,21.07,76.0,8.0,2.21,TZ,1718656125.0
281,saipan,15.1355,145.701,28.39,78.0,20.0,5.14,MP,1718656125.0
282,loanda,-8.8368,13.2343,23.0,88.0,20.0,4.63,AO,1718656125.0
283,jayapura,-2.5333,140.7,23.66,92.0,100.0,3.01,ID,1718656125.0
284,malango,-2.9627,119.9001,18.09,98.0,19.0,0.75,ID,1718656125.0
285,ampanihy,-24.7,44.75,17.02,76.0,0.0,5.26,MG,1718656126.0
286,cascais,38.6979,-9.4215,19.92,94.0,100.0,6.26,PT,1718655878.0
287,happy valley-goose bay,53.3168,-60.3315,23.17,33.0,75.0,2.57,CA,1718656126.0
288,zakamensk,50.3741,103.2863,11.8,97.0,96.0,0.99,RU,1718656126.0
289,muragacha,23.5333,88.4,30.56,78.0,100.0,6.72,IN,1718656126.0
290,kuusamo,65.9667,29.1833,19.02,52.0,0.0,2.57,FI,1718656126.0
291,yung shue wan,22.2333,114.1167,29.86,85.0,91.0,0.45,HK,1718656126.0
292,dudinka,69.4058,86.1778,3.95,80.0,100.0,1.32,RU,1718656126.0
293,arquitecto tomas romero pereira,-26.4833,-55.25,21.34,97.0,88.0,1.45,PY,1718656126.0
294,polovinnoye,54.7914,65.9864,15.29,86.0,0.0,3.62,RU,1718656127.0
295,bamboo flat,11.7,92.7167,28.05,89.0,20.0,2.06,IN,1718656127.0
296,tralee,52.2704,-9.7026,13.1,89.0,84.0,2.86,IE,1718656127.0
297,san luis,-33.295,-66.3356,17.16,50.0,85.0,8.03,AR,1718656023.0
298,galle,6.0367,80.217,29.4,80.0,54.0,4.47,LK,1718656127.0
299,nushki,29.5542,66.0215,31.23,11.0,0.0,3.04,PK,1718656127.0
300,kharsawan,22.8,85.8333,32.01,50.0,100.0,2.16,IN,1718656127.0
301,belmonte,-15.8631,-38.8828,23.97,75.0,0.0,2.63,BR,1718656127.0
302,tolanaro,-25.0319,46.9987,20.04,77.0,40.0,3.09,MG,1718656128.0
303,hamilton,39.1834,-84.5333,36.47,51.0,40.0,6.17,US,1718656035.0
304,acarau,-2.8856,-40.12,27.73,74.0,61.0,4.88,BR,1718655926.0
305,hudiksvall,61.729,17.1036,11.4,98.0,58.0,1.28,SE,1718656128.0
306,lagoa,39.05,-27.9833,18.51,71.0,28.0,7.28,PT,1718656128.0
307,sidrolandia,-20.9319,-54.9614,30.59,26.0,26.0,4.38,BR,1718656128.0
308,ujae,8.9322,165.7642,28.58,79.0,33.0,7.31,MH,1718656128.0
309,kilju,40.9642,129.3278,18.73,63.0,4.0,1.88,KP,1718656128.0
310,saldanha,-33.0117,17.9442,15.03,86.0,92.0,3.98,ZA,1718656129.0
311,milford haven,51.7128,-5.0341,15.81,84.0,0.0,3.72,GB,1718656129.0
312,itoman,26.1247,127.6694,27.21,100.0,75.0,8.75,JP,1718656129.0
313,malabar,-33.9667,151.25,10.07,71.0,20.0,6.69,AU,1718656129.0
314,le vauclin,14.5452,-60.8388,33.03,58.0,40.0,3.09,MQ,1718656129.0
315,sukhodol,53.9006,51.2117,20.88,82.0,100.0,5.48,RU,1718656129.0
316,brezina,33.0989,1.2608,35.14,12.0,59.0,6.3,DZ,1718656129.0
317,san jose del guaviare,2.5729,-72.6459,25.58,93.0,88.0,0.28,CO,1718656130.0
318,blagoveshchenka,52.8333,79.8667,18.44,92.0,22.0,3.07,RU,1718656130.0
319,broken hill,-31.95,141.4333,9.52,46.0,100.0,2.46,AU,1718655852.0
320,elista,46.3078,44.2558,27.29,57.0,85.0,2.0,RU,1718656130.0
321,chela,34.069,104.4619,12.45,85.0,100.0,0.68,CN,1718656130.0
322,island harbour,50.724,-1.2758,17.02,76.0,100.0,0.89,GB,1718656130.0
323,mata-utu,-13.2816,-176.1745,28.55,80.0,18.0,7.6,WF,1718656130.0
324,rampur,28.8167,79.0333,37.73,26.0,0.0,5.04,IN,1718656130.0
325,brookings,44.3114,-96.7984,21.19,96.0,100.0,3.09,US,1718656079.0
326,mananjary,-21.2167,48.3333,21.04,86.0,100.0,2.78,MG,1718656131.0
327,truro,50.2653,-5.0544,15.6,82.0,0.0,3.6,GB,1718656038.0
329,goderich,43.7501,-81.7165,28.18,65.0,81.0,6.17,CA,1718656008.0
330,whangarei,-35.7317,174.3239,10.32,98.0,27.0,0.72,NZ,1718656131.0
331,mossoro,-5.1875,-37.3442,29.97,54.0,40.0,3.09,BR,1718656075.0
332,khandyga,62.6667,135.6,13.71,64.0,99.0,1.02,RU,1718656132.0
333,puerto rico,-26.796,-55.024,21.29,99.0,98.0,1.39,AR,1718656132.0
334,malindi,-3.2175,40.1191,25.99,81.0,13.0,8.71,KE,1718656132.0
335,dodge city,37.7528,-100.0171,34.82,49.0,0.0,13.89,US,1718656132.0
336,lebanon,36.2081,-86.2911,35.65,58.0,20.0,5.14,US,1718655978.0
337,guerrero negro,27.9769,-114.0611,20.81,59.0,4.0,7.96,MX,1718655885.0
338,kristianstad,56.0313,14.1524,16.64,76.0,3.0,2.57,SE,1718656132.0
339,kralendijk,12.15,-68.2667,31.99,62.0,40.0,6.17,BQ,1718656051.0
340,rudbar,30.15,62.6,33.64,15.0,0.0,5.21,AF,1718656133.0
341,severoural'sk,60.1533,59.952,13.62,70.0,67.0,0.72,RU,1718656133.0
342,tadine,-21.55,167.8833,20.7,81.0,1.0,3.11,NC,1718656133.0
343,arkhangel'sk,64.5401,40.5433,17.06,63.0,20.0,2.0,RU,1718656133.0
344,moree,-29.4667,149.85,4.82,82.0,1.0,2.98,AU,1718655911.0
345,darwin,-12.4611,130.8418,19.99,88.0,28.0,1.54,AU,1718656133.0
346,ponta delgada,37.7333,-25.6667,20.4,68.0,75.0,5.66,PT,1718656133.0
347,tefenni,37.3097,29.7754,22.77,43.0,45.0,1.4,TR,1718656133.0
348,daru,-9.0763,143.2092,23.78,74.0,0.0,5.53,PG,1718656134.0
349,bonney lake,47.1771,-122.1865,16.08,78.0,100.0,2.06,US,1718656134.0
350,domodossola,46.1165,8.2931,21.47,95.0,84.0,1.45,IT,1718656134.0
351,aioun,16.6614,-9.6149,37.83,23.0,23.0,4.16,MR,1718656134.0
352,palangkaraya,-2.2,113.8333,23.56,99.0,37.0,1.03,ID,1718656134.0
353,federacion,-31.0062,-57.8996,17.94,86.0,46.0,2.97,AR,1718655917.0
354,barcelos,41.5388,-8.6151,18.8,96.0,99.0,3.33,PT,1718655941.0
355,launceston,-41.45,147.1667,2.86,93.0,56.0,4.12,AU,1718656134.0
356,missao velha,-7.2497,-39.1431,30.27,45.0,20.0,1.54,BR,1718656135.0
357,pyt-yakh,60.7499,72.8582,9.35,92.0,100.0,5.31,RU,1718656135.0
358,kyshtovka,56.555,76.6271,15.58,93.0,68.0,7.07,RU,1718656135.0
360,primero de mayo,-32.2552,-58.4228,18.79,86.0,99.0,4.19,AR,1718655973.0
361,saint-louis,16.3333,-15.0,36.82,21.0,15.0,4.14,SN,1718656135.0
362,nemuro,43.3236,145.575,12.5,91.0,100.0,5.49,JP,1718656135.0
363,severo-yeniseyskiy,60.3725,93.0408,9.67,67.0,44.0,1.84,RU,1718656136.0
364,bandar labuan,5.2888,115.2692,26.2,94.0,20.0,0.0,MY,1718656136.0
365,carbondale,37.7273,-89.2168,29.43,72.0,100.0,5.66,US,1718655623.0
366,san luis de la loma,17.2706,-100.8939,30.57,67.0,100.0,6.8,MX,1718656136.0
367,gaalkacyo,6.7697,47.4308,30.12,40.0,78.0,8.55,SO,1718656136.0
368,sinabang,2.4803,96.3801,25.86,82.0,100.0,0.17,ID,1718656136.0
369,fort st. john,56.2499,-120.8529,13.94,35.0,75.0,6.17,CA,1718656134.0
370,nantucket,41.2835,-70.0995,23.38,82.0,0.0,7.2,US,1718656136.0
371,xinmin,41.9908,122.8253,20.02,66.0,24.0,2.38,CN,1718656137.0
373,ngaoundere,7.3167,13.5833,19.6,89.0,48.0,0.64,CM,1718656137.0
374,isangel,-19.55,169.2667,21.06,94.0,20.0,0.0,VU,1718656137.0
375,hope mills,34.9704,-78.9453,33.6,51.0,75.0,1.79,US,1718656137.0
376,nassau,40.7507,-73.5829,30.55,67.0,0.0,7.72,US,1718655893.0
377,hedaru,-4.5,37.9,18.98,64.0,0.0,2.05,TZ,1718656137.0
378,derzhavinsk,51.1,66.3167,22.22,73.0,100.0,4.04,KZ,1718656138.0
379,tazacorte,28.629,-17.9293,21.54,90.0,75.0,7.72,ES,1718656138.0
380,aasiaat,68.7098,-52.8699,5.53,78.0,31.0,3.56,GL,1718656138.0
381,montanha,-18.1269,-40.3633,25.44,57.0,97.0,3.24,BR,1718656138.0
382,san victor arriba,19.4774,-70.5359,27.94,74.0,75.0,2.06,DO,1718656138.0
383,zawiya,32.7522,12.7278,26.55,54.0,0.0,5.05,LY,1718656138.0
384,vrontados,38.4089,26.1328,29.92,35.0,0.0,3.6,GR,1718656138.0
386,breves,-1.6822,-50.4803,31.59,58.0,45.0,1.37,BR,1718656139.0
387,zhangye,38.9342,100.4517,19.8,48.0,23.0,1.72,CN,1718656139.0
388,callao,-12.0667,-77.15,23.01,77.0,100.0,6.17,PE,1718656139.0
389,new norfolk,-42.7826,147.0587,6.62,96.0,21.0,0.99,AU,1718656139.0
390,mutuali,-14.8706,37.0044,15.0,69.0,10.0,1.92,MZ,1718656139.0
391,calilegua,-23.7737,-64.77,24.15,44.0,0.0,2.97,AR,1718656140.0
392,dawei,14.0833,98.2,25.4,91.0,100.0,1.31,MM,1718656140.0
393,dakhla,23.6848,-15.958,20.01,83.0,1.0,10.29,EH,1718655970.0
394,chusovoy,58.3013,57.8131,13.22,78.0,78.0,1.24,RU,1718656140.0
395,bikenibeu village,1.3673,173.1241,27.98,89.0,40.0,2.06,KI,1718656140.0
396,rio grande,-32.035,-52.0986,16.06,90.0,100.0,4.15,BR,1718656015.0
397,alo,7.4178,6.7371,26.83,75.0,25.0,1.66,NG,1718656140.0
398,canavieiras,-15.675,-38.9472,23.67,76.0,0.0,2.06,BR,1718656140.0
399,benjamin constant,-4.3831,-70.0311,32.07,88.0,75.0,6.69,BR,1718656141.0
400,luninyets,52.2472,26.8047,16.18,91.0,1.0,3.19,BY,1718656141.0
401,ganshui,28.7422,106.7111,23.1,91.0,97.0,0.25,CN,1718656141.0
402,cidreira,-30.1811,-50.2056,17.91,95.0,100.0,4.44,BR,1718656141.0
403,tofol,5.3248,163.0078,28.34,75.0,21.0,4.54,FM,1718656141.0
404,giyani,-23.3025,30.7187,15.26,54.0,0.0,1.33,ZA,1718656141.0
405,kembe,4.6228,21.8865,20.05,99.0,95.0,1.57,CF,1718656141.0
406,shitanjing,39.2342,106.3439,24.46,34.0,100.0,1.99,CN,1718656142.0
407,inhambane,-23.865,35.3833,19.55,77.0,54.0,1.79,MZ,1718656142.0
408,mahajanga,-15.7167,46.3167,25.01,65.0,0.0,1.54,MG,1718656142.0
409,ishigaki,24.3448,124.1572,28.07,94.0,100.0,4.63,JP,1718656142.0
410,sabang,5.8933,95.3214,29.38,72.0,100.0,6.2,ID,1718656142.0
411,brigantine,39.4101,-74.3646,29.0,69.0,0.0,6.17,US,1718656142.0
413,bloomfield,40.8068,-74.1854,32.81,52.0,20.0,6.17,US,1718655962.0
414,safotu,-13.4513,-172.4018,28.02,77.0,50.0,9.96,WS,1718656143.0
415,dharan,26.8125,87.2835,25.92,80.0,100.0,1.54,NP,1718656143.0
417,beyneu,45.3167,55.2,32.84,22.0,0.0,4.35,KZ,1718656143.0
418,lundazi,-12.2929,33.1782,13.36,73.0,0.0,2.45,ZM,1718656143.0
419,balqash,46.8481,74.995,25.18,44.0,55.0,3.49,KZ,1718656143.0
421,mount sterling,38.0565,-83.9433,34.36,56.0,0.0,2.06,US,1718656144.0
422,nioro du rip,13.75,-15.8,28.98,48.0,62.0,5.63,SN,1718656144.0
423,hotan,37.0997,79.9269,27.96,23.0,100.0,3.9,CN,1718656144.0
424,yeppoon,-23.1333,150.7333,6.88,55.0,0.0,3.09,AU,1718656144.0
425,fukuecho,32.6881,128.8419,21.57,85.0,79.0,8.87,JP,1718656144.0
426,alice springs,-23.7,133.8833,12.75,71.0,6.0,3.09,AU,1718656144.0
427,long beach,33.767,-118.1892,26.49,70.0,100.0,4.63,US,1718655950.0
428,novo aripuana,-5.1206,-60.3797,30.86,59.0,97.0,1.43,BR,1718656145.0
429,marka,1.7159,44.7717,25.93,87.0,100.0,8.48,SO,1718656145.0
430,antalaha,-14.9003,50.2788,22.76,81.0,14.0,4.11,MG,1718656145.0
431,adler,43.43,39.92,22.09,83.0,75.0,2.0,RU,1718656145.0
432,aykhal,66.0,111.5,5.9,65.0,87.0,1.8,RU,1718656145.0
433,kyzyl-mazhalyk,51.1333,90.6,15.26,70.0,60.0,1.05,RU,1718656145.0
434,yeniseysk,58.4497,92.1703,11.39,79.0,97.0,1.69,RU,1718656146.0
435,san patricio,28.017,-97.5169,35.97,48.0,11.0,9.0,US,1718656146.0
436,trinidad,-14.8333,-64.9,32.99,52.0,20.0,3.6,BO,1718656146.0
437,ad dilam,23.9915,47.1627,34.23,12.0,0.0,3.23,SA,1718656146.0
438,berdigestyakh,62.0989,126.6992,6.39,99.0,100.0,2.03,RU,1718656146.0
439,zamora,-4.0692,-78.9567,31.58,61.0,52.0,2.14,EC,1718656146.0
440,konarka,19.9,86.1167,30.22,85.0,100.0,8.5,IN,1718656146.0
443,egilsstadir,65.2653,-14.3948,5.95,70.0,75.0,4.12,IS,1718656147.0
444,yanykurgan,43.915,67.2481,30.58,27.0,44.0,4.17,KZ,1718656147.0
445,stolin,51.8912,26.846,16.53,89.0,1.0,2.75,BY,1718656147.0
446,grand-lahou,5.1367,-5.0242,25.59,86.0,99.0,3.7,CI,1718656147.0
447,lorengau,-2.0226,147.2712,27.53,81.0,72.0,4.43,PG,1718656147.0
448,vorkuta,67.5,64.0,1.23,84.0,19.0,5.32,RU,1718656147.0
449,burao,9.5221,45.5336,26.07,42.0,98.0,9.69,SO,1718656148.0
450,igarka,67.4667,86.5833,4.97,76.0,100.0,2.42,RU,1718655851.0
451,gwanda,-20.9333,29.0,12.1,56.0,0.0,1.77,ZW,1718656148.0
452,bemidji,47.4736,-94.8803,24.47,41.0,0.0,2.06,US,1718656148.0
453,maumere,-8.6199,122.2111,22.83,70.0,0.0,0.37,ID,1718656148.0
454,bridgewater,44.3835,-64.5155,21.17,54.0,100.0,8.75,CA,1718656123.0
455,bouarfa,32.53,-1.95,31.49,16.0,49.0,11.99,MA,1718656148.0
456,coos bay,43.3665,-124.2179,19.99,63.0,75.0,5.66,US,1718656148.0
457,markala,13.7021,-6.0659,29.69,56.0,100.0,3.65,ML,1718656148.0
458,mwene-ditu,-7.0,23.45,20.51,39.0,0.0,0.62,CD,1718656149.0
459,praya,14.9215,-23.5087,25.3,65.0,20.0,6.69,CV,1718655946.0
460,srivardhan,18.0333,73.0167,28.26,85.0,100.0,2.57,IN,1718656149.0
461,dabuleni,43.8,24.0833,24.73,48.0,0.0,0.87,RO,1718656149.0
462,luderitz,-26.6481,15.1594,14.4,84.0,0.0,2.13,NA,1718656149.0
463,farah,32.5,62.5,29.06,19.0,0.0,5.19,AF,1718656149.0
464,vikhorevka,56.1201,101.1636,11.77,82.0,100.0,0.62,RU,1718656149.0
465,gadzhiyevo,69.2551,33.3362,14.6,82.0,100.0,2.49,RU,1718656150.0
466,zuwarah,32.9312,12.082,23.71,76.0,0.0,5.3,LY,1718656150.0
467,sisimiut,66.9395,-53.6735,8.06,77.0,99.0,1.82,GL,1718656150.0
469,zhosaly,45.4878,64.0781,31.43,28.0,68.0,3.08,KZ,1718656150.0
470,alaghsas,17.0187,8.0168,30.45,31.0,74.0,4.26,NE,1718656150.0
471,san martin,-33.081,-68.4681,17.3,28.0,0.0,2.89,AR,1718655935.0
472,faranah,10.0404,-10.7434,23.64,90.0,100.0,2.03,GN,1718656150.0
473,yichang,30.7144,111.2847,21.94,85.0,4.0,1.26,CN,1718656151.0
474,san rafael,-34.6177,-68.3301,18.53,21.0,43.0,3.04,AR,1718655604.0
475,nuuk,64.1835,-51.7216,6.34,81.0,75.0,16.46,GL,1718656151.0
476,tilisarao,-32.7329,-65.2911,16.2,46.0,100.0,6.54,AR,1718656151.0
477,tobruk,32.0836,23.9764,23.71,77.0,0.0,4.84,LY,1718656151.0
478,sola,-13.8833,167.55,26.69,81.0,11.0,2.32,VU,1718656151.0
479,sujangarh,27.7011,74.4649,36.36,35.0,7.0,4.93,IN,1718656151.0
480,aketi,2.7388,23.7833,22.33,89.0,46.0,0.73,CD,1718656151.0
482,pesqueira,-8.3578,-36.6964,19.97,86.0,66.0,4.61,BR,1718656152.0
483,nuriootpa,-34.4833,139.0,11.65,56.0,100.0,2.18,AU,1718656152.0
484,biltine,14.5333,20.9167,33.92,26.0,31.0,1.63,TD,1718656152.0
486,quellon,-43.1167,-73.6167,8.26,87.0,100.0,9.33,CL,1718656153.0
487,uzgen,40.7699,73.3007,20.16,80.0,100.0,2.82,KG,1718656153.0
488,bubaque,11.2833,-15.8333,27.15,80.0,78.0,6.76,GW,1718656153.0
489,kalianget,-7.05,113.9333,27.26,69.0,0.0,6.33,ID,1718656153.0
490,kyaukse,21.6,96.1333,26.63,84.0,100.0,3.3,MM,1718655970.0
491,viedma,-40.8135,-62.9967,14.23,40.0,100.0,3.5,AR,1718655925.0
492,tuburan,6.6439,122.2736,26.31,82.0,100.0,2.59,PH,1718656153.0
493,katsuura,35.1333,140.3,18.88,96.0,100.0,2.66,JP,1718656153.0
494,port douglas,-16.4833,145.4667,18.95,67.0,7.0,1.96,AU,1718656154.0
496,camacupa,-12.0167,17.4833,12.65,29.0,16.0,1.69,AO,1718656154.0
497,coquimbo,-29.9533,-71.3436,15.85,62.0,0.0,3.6,CL,1718655467.0
498,bujaru,-1.515,-48.0447,28.67,70.0,85.0,1.44,BR,1718656154.0
499,huarmey,-10.0681,-78.1522,20.97,72.0,0.0,5.92,PE,1718655944.0
500,orchard homes,46.8633,-114.0484,8.49,85.0,100.0,5.14,US,1718655959.0
501,kolonia town,6.964,158.206,28.68,79.0,100.0,9.02,FM,1718656155.0
503,bafoulabe,13.8065,-10.8321,32.02,53.0,99.0,3.11,ML,1718656155.0
504,badagry,6.4167,2.8833,26.16,85.0,56.0,2.84,NG,1718656155.0
505,al artawiyah,26.5053,45.3444,31.97,10.0,0.0,1.72,SA,1718656155.0
506,rongelap,11.1635,166.8941,28.13,80.0,87.0,7.7,MH,1718656155.0
507,mumbai,19.0144,72.8479,26.99,83.0,75.0,3.09,IN,1718656090.0
508,mariental,-24.6333,17.9667,14.65,35.0,0.0,4.26,NA,1718656155.0
509,babat,-7.1128,112.1635,23.4,95.0,45.0,1.61,ID,1718656156.0
510,el calafate,-50.3408,-72.2768,-2.35,92.0,100.0,1.7,AR,1718656156.0
511,rio verde de mato grosso,-18.9181,-54.8442,32.11,23.0,2.0,2.33,BR,1718656156.0
512,gevas,38.2968,43.1083,14.78,28.0,0.0,2.78,TR,1718656156.0
513,mahibadhoo,3.7833,72.9667,28.83,75.0,63.0,5.87,MV,1718656156.0
514,colares,38.7992,-9.4469,19.82,94.0,100.0,6.26,PT,1718656156.0
515,nar'yan-mar,67.6713,53.087,4.43,61.0,8.0,2.51,RU,1718656156.0
516,papao,-17.75,-149.55,27.82,84.0,12.0,4.01,PF,1718656156.0
518,brak,27.5496,14.2714,36.59,12.0,68.0,4.24,LY,1718656157.0
520,kosh-agach,50.0,88.6667,11.98,73.0,100.0,1.17,RU,1718656157.0
521,nova vicosa,-17.8919,-39.3719,24.14,78.0,0.0,2.41,BR,1718656157.0
522,pandan,14.0453,124.1694,26.61,82.0,51.0,1.09,PH,1718656157.0
523,erdenet,49.0333,104.0833,13.62,87.0,97.0,2.42,MN,1718656157.0
524,guatrache,-37.6678,-63.5302,16.65,54.0,100.0,6.76,AR,1718656158.0
525,meulaboh,4.1363,96.1285,24.71,94.0,100.0,2.04,ID,1718656158.0
526,dhidhdhoo,6.8833,73.1,28.85,78.0,33.0,7.22,MV,1718656158.0
527,jurm,36.8648,70.8342,17.56,57.0,61.0,0.75,AF,1718656158.0
528,kone,-21.0595,164.8658,17.58,94.0,33.0,0.69,NC,1718656158.0
529,freeport,40.6576,-73.5832,30.73,68.0,0.0,10.29,US,1718656082.0
530,talnakh,69.4865,88.3972,4.53,80.0,100.0,1.9,RU,1718656158.0
531,dezhou,37.4486,116.2925,26.67,48.0,7.0,4.85,CN,1718656158.0
532,wadebridge,50.5173,-4.8363,15.65,82.0,0.0,3.6,GB,1718656159.0
533,pangody,65.85,74.4859,6.42,66.0,41.0,4.63,RU,1718656159.0
534,geraldton,-28.7667,114.6,13.23,94.0,100.0,2.06,AU,1718656159.0
535,san angelo,31.4638,-100.437,36.83,40.0,0.0,7.6,US,1718655916.0
536,calama,-22.4667,-68.9333,18.27,13.0,0.0,9.77,CL,1718656153.0
537,saint-francois,46.4154,3.9054,20.23,86.0,0.0,3.09,FR,1718656159.0
538,beni,0.5,29.4667,17.1,97.0,99.0,1.14,CD,1718656159.0
539,nabinagar,23.8917,90.9733,27.26,94.0,100.0,4.94,BD,1718656160.0
540,argo,37.6333,22.7333,23.21,50.0,83.0,0.82,GR,1718656160.0
541,bury,53.6,-2.3,15.15,76.0,4.0,3.46,GB,1718655968.0
542,tangalle,6.024,80.7911,25.81,90.0,55.0,3.34,LK,1718655975.0
543,bidar,17.9,77.55,28.52,63.0,100.0,2.49,IN,1718656160.0
544,ola,59.5833,151.2833,9.49,75.0,100.0,0.79,RU,1718656160.0
545,lukow,51.929,22.3796,19.96,61.0,84.0,2.43,PL,1718656160.0
546,proletarsk,46.7031,41.7192,22.08,62.0,0.0,3.9,RU,1718656160.0
547,eureka,40.8021,-124.1637,23.75,62.0,67.0,3.58,US,1718656049.0
549,ancud,-41.8697,-73.8203,9.36,81.0,55.0,9.01,CL,1718656161.0
550,vila velha,-20.3297,-40.2925,25.97,73.0,0.0,2.57,BR,1718656153.0
551,ciudad tula,23.0,-99.7167,34.09,24.0,0.0,5.32,MX,1718656161.0
552,bellmere,-27.0875,152.923,10.14,72.0,0.0,2.23,AU,1718656161.0
553,sainte-marie,-20.8968,55.5496,20.09,88.0,100.0,3.6,RE,1718656161.0
554,el porvenir,13.7617,-87.3458,25.63,100.0,100.0,0.98,HN,1718656162.0
555,kununurra,-15.7667,128.7333,11.99,87.0,0.0,0.0,AU,1718656162.0
556,songling,31.1933,120.7176,21.36,84.0,47.0,2.62,CN,1718656162.0
557,city of isabela,6.7085,121.9711,25.67,85.0,100.0,1.12,PH,1718655886.0
558,mollendo,-17.0231,-72.0147,16.73,83.0,99.0,5.06,PE,1718656162.0
559,mbanza-ngungu,-5.25,14.8667,20.31,65.0,47.0,0.86,CD,1718656162.0
560,porirua,-41.1333,174.85,11.68,93.0,68.0,2.96,NZ,1718656162.0
561,nenjiang,49.1833,125.2167,13.98,79.0,100.0,1.06,CN,1718656162.0
562,concepcion,-36.827,-73.0498,12.89,82.0,75.0,2.06,CL,1718656163.0
563,fada,9.5667,8.3,22.6,81.0,26.0,0.41,NG,1718656163.0
564,newman,37.3138,-121.0208,27.23,12.0,9.0,8.48,US,1718656163.0
565,pontes e lacerda,-15.2261,-59.3353,34.82,25.0,58.0,2.39,BR,1718656163.0
566,illizi,26.4833,8.4667,42.89,7.0,89.0,3.72,DZ,1718656164.0
567,al jawf,29.5,38.75,33.32,15.0,90.0,1.58,SA,1718656164.0
568,zhytkavichy,52.2168,27.8561,15.7,94.0,6.0,2.83,BY,1718656164.0
569,akola,20.7333,77.0,32.82,53.0,99.0,3.22,IN,1718656164.0
570,nieuw amsterdam,5.8833,-55.0833,32.09,66.0,40.0,3.09,SR,1718656165.0
571,sechura,-5.5569,-80.8222,24.16,57.0,1.0,8.04,PE,1718656165.0
572,hasaki,35.7333,140.8333,19.22,92.0,100.0,3.85,JP,1718656165.0
573,skive,56.5667,9.0333,14.53,84.0,5.0,3.38,DK,1718656165.0
574,tutoia,-2.7619,-42.2744,27.11,75.0,32.0,2.25,BR,1718656165.0
575,kerouane,9.2667,-9.0167,22.35,92.0,86.0,1.38,GN,1718656165.0
576,eraan,9.0629,117.7016,26.63,83.0,100.0,1.18,PH,1718656165.0
577,novodvinsk,64.4165,40.8122,16.86,64.0,31.0,2.54,RU,1718656165.0
578,miramichi,47.0043,-65.4654,22.37,46.0,100.0,6.15,CA,1718656166.0
579,taoudenni,22.6783,-3.9836,37.74,21.0,61.0,6.93,ML,1718656166.0
580,olyokminsk,60.3736,120.4264,7.94,78.0,99.0,0.59,RU,1718656166.0
581,mpanda,-6.3655,31.0409,17.59,56.0,0.0,0.11,TZ,1718656166.0
582,la'ie,21.6477,-157.9253,27.98,73.0,57.0,5.81,US,1718656166.0
583,nemsova,48.967,18.1189,20.86,79.0,99.0,1.26,SK,1718656166.0
584,knyaze-volkonskoye,48.4642,135.4567,8.19,92.0,100.0,1.48,RU,1718656166.0
585,riyadh,24.6877,46.7219,34.08,12.0,0.0,1.9,SA,1718656026.0
586,garrni,40.1193,44.7344,24.33,40.0,2.0,5.13,AM,1718656167.0
587,itai,-23.4178,-49.0906,26.24,30.0,5.0,2.8,BR,1718656167.0
588,kudahuvadhoo,2.6708,72.8944,28.8,74.0,100.0,4.37,MV,1718656167.0
589,silver city,32.7701,-108.2803,32.04,13.0,0.0,6.71,US,1718656098.0
590,menongue,-14.6585,17.691,10.29,31.0,12.0,1.38,AO,1718656167.0
591,ceeldheer,3.8488,47.1806,25.39,87.0,95.0,7.35,SO,1718656167.0
592,klamath falls,42.2249,-121.7817,16.03,37.0,0.0,4.63,US,1718656167.0
593,kirsanov,52.6549,42.7224,18.45,91.0,66.0,3.86,RU,1718656168.0
594,kruisfontein,-34.0033,24.7314,16.6,46.0,68.0,5.57,ZA,1718656168.0
595,as sulayyil,20.4607,45.5779,34.14,9.0,0.0,3.1,SA,1718656168.0
596,murzuq,25.9155,13.9184,35.09,13.0,0.0,3.98,LY,1718656168.0
597,la puebla de cazalla,37.2216,-5.3115,23.34,41.0,2.0,5.59,ES,1718655972.0
598,bei'an,24.5399,109.533,24.16,98.0,100.0,4.64,CN,1718656168.0
599,verkhnevilyuysk,63.4453,120.3167,5.1,86.0,56.0,2.26,RU,1718656168.0
600,yemetsk,63.4721,41.7941,15.53,62.0,99.0,2.63,RU,1718656168.0
601,kiunga,-6.1219,141.2906,21.62,94.0,100.0,1.37,PG,1718656169.0
